Ağaç Sayısı,Öğrenme Oranı,En Büyük Derinlik,En Az Bölünme Örneği,En Az Yaprak Örneği,Alt Örnekleme Oranı,Özellik Seçimi,Ortalama Eğitim RMSE (Wh),Ortalama Doğrulama RMSE (Wh),Doğrulama RMSE Standart Sapması
400,0.03,4,20,1,0.7,0.75,8.4667,12.2627,0.4841
300,0.08,3,20,1,0.8,0.75,8.7642,12.3067,0.5576
400,0.05,4,5,2,0.8,,7.2793,12.5326,0.4155
250,0.08,3,2,12,0.9,,9.1587,12.5752,0.5572
100,0.1,5,5,2,0.7,,7.5503,12.7194,0.489
250,0.15,3,10,8,1.0,0.75,8.2858,12.7209,0.3392
200,0.08,5,20,2,0.8,,6.7515,12.7272,0.4472
300,0.03,5,10,8,0.9,0.75,7.7255,12.7588,0.3808
400,0.08,2,20,2,1.0,0.75,9.9516,12.7787,0.5667
250,0.15,2,5,8,1.0,,9.8796,12.822,0.3861
